test_size,kernel,n_components,algorithm,model,n_train,n_test,accuracy,precision,recall,f1
0.2,sigmoid,10,LR,Logistic Regression,800,200,0.815,0.7225,0.815,0.7592894736842106
0.4,sigmoid,10,LR,Logistic Regression,600,400,0.82,0.7254121173196317,0.82,0.7656412465891139
0.6,sigmoid,10,LR,Logistic Regression,400,600,0.8333333333333334,0.738510311853279,0.8333333333333334,0.7788648056605603
0.2,cosine,10,LR,Logistic Regression,800,200,0.85,0.7577117940199336,0.85,0.797711143390745
0.4,cosine,10,LR,Logistic Regression,600,400,0.8525,0.7561197916666665,0.8525,0.8001745432712926
0.6,cosine,10,LR,Logistic Regression,400,600,0.8566666666666667,0.7615301136322746,0.8566666666666667,0.8042291040065351
0.2,linear,10,LR,Logistic Regression,800,200,0.85,0.7961046511627907,0.85,0.8118479505726341
0.4,linear,10,LR,Logistic Regression,600,400,0.86,0.8117521157521158,0.86,0.8249061909798293
0.6,linear,10,LR,Logistic Regression,400,600,0.8583333333333333,0.7979758064516128,0.8583333333333333,0.8228737210290608
0.2,rbf,10,LR,Logistic Regression,800,200,0.835,0.7507627118644068,0.835,0.7815170226969292
0.4,rbf,10,LR,Logistic Regression,600,400,0.8375,0.7489113152424294,0.8375,0.7844089116298902
0.6,rbf,10,LR,Logistic Regression,400,600,0.835,0.747140581646285,0.835,0.7815395332636712
0.2,poly,10,LR,Logistic Regression,800,200,0.81,0.7383157894736841,0.81,0.7564529914529915
0.4,poly,10,LR,Logistic Regression,600,400,0.8275,0.7661089691558441,0.8275,0.7816040770617589
0.6,poly,10,LR,Logistic Regression,400,600,0.8266666666666667,0.7683600371531406,0.8266666666666667,0.7838520481949601
0.2,sigmoid,10,KNN,k-Nearest Neighbors (k=5),800,200,0.89,0.88828231292517,0.89,0.8854143348060873
0.4,sigmoid,10,KNN,k-Nearest Neighbors (k=5),600,400,0.8925,0.8839960542929294,0.8925,0.8840023041794208
0.6,sigmoid,10,KNN,k-Nearest Neighbors (k=5),400,600,0.89,0.8844662303541884,0.89,0.883632082074314
0.2,cosine,10,KNN,k-Nearest Neighbors (k=5),800,200,0.88,0.8969472194472193,0.88,0.8819773519163764
0.4,cosine,10,KNN,k-Nearest Neighbors (k=5),600,400,0.89,0.8931535772945915,0.89,0.8852632702113798
0.6,cosine,10,KNN,k-Nearest Neighbors (k=5),400,600,0.8766666666666667,0.8794069223434055,0.8766666666666667,0.8729838025146417
0.2,linear,10,KNN,k-Nearest Neighbors (k=5),800,200,0.865,0.8647471264367814,0.865,0.8613418190805734
0.4,linear,10,KNN,k-Nearest Neighbors (k=5),600,400,0.885,0.884041750503018,0.885,0.8793112656462041
0.6,linear,10,KNN,k-Nearest Neighbors (k=5),400,600,0.8866666666666667,0.8782459117942989,0.8866666666666667,0.8795453365592433
0.2,rbf,10,KNN,k-Nearest Neighbors (k=5),800,200,0.86,0.8657471264367815,0.86,0.8591751524139067
0.4,rbf,10,KNN,k-Nearest Neighbors (k=5),600,400,0.89,0.8865060573797598,0.89,0.880845668859649
0.6,rbf,10,KNN,k-Nearest Neighbors (k=5),400,600,0.87,0.8739193368936359,0.87,0.8645805209283469
0.2,poly,10,KNN,k-Nearest Neighbors (k=5),800,200,0.85,0.8583695368558381,0.85,0.8495350480497456
0.4,poly,10,KNN,k-Nearest Neighbors (k=5),600,400,0.875,0.8742417412309054,0.875,0.8667918475286897
0.6,poly,10,KNN,k-Nearest Neighbors (k=5),400,600,0.8633333333333333,0.8613674809029999,0.8633333333333333,0.8580669454322772
0.2,sigmoid,10,SVM,Support Vector Machine (RBF),800,200,0.875,0.81625,0.875,0.8368476250525432
0.4,sigmoid,10,SVM,Support Vector Machine (RBF),600,400,0.8775,0.8173496444795576,0.8775,0.8371393051869375
0.6,sigmoid,10,SVM,Support Vector Machine (RBF),400,600,0.88,0.8212622816382739,0.88,0.8409814860174821
0.2,cosine,10,SVM,Support Vector Machine (RBF),800,200,0.88,0.817309372156506,0.88,0.8434917920656635
0.4,cosine,10,SVM,Support Vector Machine (RBF),600,400,0.8625,0.8128472222222223,0.8625,0.8281558119658119
0.6,cosine,10,SVM,Support Vector Machine (RBF),400,600,0.865,0.7996787329976138,0.865,0.8196026219643241
0.2,linear,10,SVM,Support Vector Machine (RBF),800,200,0.85,0.7858620689655171,0.85,0.8062778526504942
0.4,linear,10,SVM,Support Vector Machine (RBF),600,400,0.8475,0.79901042975622,0.8475,0.806352520855677
0.6,linear,10,SVM,Support Vector Machine (RBF),400,600,0.8516666666666667,0.7830569855569856,0.8516666666666667,0.8074860373777226
0.2,rbf,10,SVM,Support Vector Machine (RBF),800,200,0.855,0.764306358381503,0.855,0.8026324921135647
0.4,rbf,10,SVM,Support Vector Machine (RBF),600,400,0.86,0.7853571428571429,0.86,0.8106175474254742
0.6,rbf,10,SVM,Support Vector Machine (RBF),400,600,0.8583333333333333,0.7815691252247758,0.8583333333333333,0.8079817792468147
0.2,poly,10,SVM,Support Vector Machine (RBF),800,200,0.81,0.7446703296703296,0.81,0.7549402862985686
0.4,poly,10,SVM,Support Vector Machine (RBF),600,400,0.8225,0.7498331734721841,0.8225,0.7709192195972911
0.6,poly,10,SVM,Support Vector Machine (RBF),400,600,0.8266666666666667,0.7553613707165109,0.8266666666666667,0.7752912353347137
0.2,sigmoid,10,DT,Decision Tree (Entropy),800,200,0.9,0.9120833333333332,0.9,0.9051294642857144
0.4,sigmoid,10,DT,Decision Tree (Entropy),600,400,0.8975,0.9064416160081055,0.8975,0.9005068507998927
0.6,sigmoid,10,DT,Decision Tree (Entropy),400,600,0.87,0.8786152189313953,0.87,0.8706160050308722
0.2,cosine,10,DT,Decision Tree (Entropy),800,200,0.88,0.8852057823129251,0.88,0.880418262150221
0.4,cosine,10,DT,Decision Tree (Entropy),600,400,0.8925,0.8986309523809524,0.8925,0.893792735042735
0.6,cosine,10,DT,Decision Tree (Entropy),400,600,0.8733333333333333,0.8823025979837619,0.8733333333333333,0.8751808673693856
0.2,linear,10,DT,Decision Tree (Entropy),800,200,0.9,0.9184472422062349,0.9,0.9061862117196704
0.4,linear,10,DT,Decision Tree (Entropy),600,400,0.8775,0.8838087412587412,0.8775,0.8764963563518277
0.6,linear,10,DT,Decision Tree (Entropy),400,600,0.9083333333333333,0.9169706640411703,0.9083333333333333,0.9105748072704339
0.2,rbf,10,DT,Decision Tree (Entropy),800,200,0.845,0.8849064039408867,0.845,0.8613943409561311
0.4,rbf,10,DT,Decision Tree (Entropy),600,400,0.8675,0.8930179872495446,0.8675,0.8762833173770674
0.6,rbf,10,DT,Decision Tree (Entropy),400,600,0.8833333333333333,0.8853380402666114,0.8833333333333333,0.882937844281172
0.2,poly,10,DT,Decision Tree (Entropy),800,200,0.885,0.8980406162464988,0.885,0.888756331521467
0.4,poly,10,DT,Decision Tree (Entropy),600,400,0.905,0.9069809014514897,0.905,0.9044328022181426
0.6,poly,10,DT,Decision Tree (Entropy),400,600,0.9,0.9055153984045737,0.9,0.9010930427567942
0.2,sigmoid,10,RF,Random Forest (100 trees),800,200,0.91,0.9050968454034038,0.91,0.903006709039548
0.4,sigmoid,10,RF,Random Forest (100 trees),600,400,0.9275,0.9298084706121621,0.9275,0.9215597618755514
0.6,sigmoid,10,RF,Random Forest (100 trees),400,600,0.9316666666666666,0.9305212051112579,0.9316666666666666,0.9268233134870986
0.2,cosine,10,RF,Random Forest (100 trees),800,200,0.915,0.9226333333333332,0.915,0.9142551020408163
0.4,cosine,10,RF,Random Forest (100 trees),600,400,0.92,0.9251744829244831,0.92,0.9150078075913511
0.6,cosine,10,RF,Random Forest (100 trees),400,600,0.9133333333333333,0.9101179847805408,0.9133333333333333,0.9069458166087719
0.2,linear,10,RF,Random Forest (100 trees),800,200,0.915,0.9142547089041096,0.915,0.9111403625110522
0.4,linear,10,RF,Random Forest (100 trees),600,400,0.9275,0.92515096450762,0.9275,0.9239028662907974
0.6,linear,10,RF,Random Forest (100 trees),400,600,0.93,0.9244906734037343,0.93,0.9237182186005714
0.2,rbf,10,RF,Random Forest (100 trees),800,200,0.89,0.8888436781609195,0.89,0.8857652512617951
0.4,rbf,10,RF,Random Forest (100 trees),600,400,0.9075,0.9000889309366131,0.9075,0.9002253059013592
0.6,rbf,10,RF,Random Forest (100 trees),400,600,0.9183333333333333,0.913560051736881,0.9183333333333333,0.9111941803671125
0.2,poly,10,RF,Random Forest (100 trees),800,200,0.92,0.9185712274774775,0.92,0.9146823975111645
0.4,poly,10,RF,Random Forest (100 trees),600,400,0.925,0.9285920492550928,0.925,0.918838079173785
0.6,poly,10,RF,Random Forest (100 trees),400,600,0.9233333333333333,0.9209976282706219,0.9233333333333333,0.9171837372704361
